fact_id,coin_id,metric_date,current_price,total_volume,price_change_pct_24h,daily_return_pct,price_7d_avg,price_30d_avg,volume_7d_avg,distance_from_30d_avg_pct
6aeadcc466aeb8b42a74a73255c6c85c,aave,2026-02-25,103.75,360284934.0,7.62126,0.0,103.75,103.75,360284934.0,0.0
090dc952e9db1794bbf36af6a98d581b,aave,2026-02-28,106.72,252004375.0,-7.46575,0.028626506024096384,105.235,105.235,306144654.5,0.014111274765999904
6cd7e759f946ee6ca263eef580592395,aave,2026-03-02,123.54,589069902.0,9.55824,0.15760869565217392,111.33666666666667,111.33666666666667,400453070.3333333,0.10960749678153349
58a6737c7e572767142fd09f6ec77d48,bitcoin,2026-02-21,58213.0,19625270536.0,1.48912,0.0,58213.0,58213.0,19625270536.0,0.0
61ab4f4c623dbb989074c586e2071547,bitcoin,2026-02-25,58440.0,46314881321.0,7.41851,0.0038994726263892943,58326.5,58326.5,32970075928.5,0.0019459422389479912
2d1218887d91bda3a45ae4d3dc7e62b5,bitcoin,2026-02-28,64045.0,43063017711.0,-2.83165,0.09591033538672142,60232.666666666664,60232.666666666664,36334389856.0,0.06329345095131102
d5d4507622e53ab11016f2588099f444,bitcoin,2026-03-02,68952.0,62718906265.0,4.61043,0.07661800296666406,62412.5,62412.5,42930518958.25,0.10477869016623273
5491f85619dab5c758a952a2ec3ef7cf,bittensor,2026-02-21,156.28,58931921.0,3.01867,0.0,156.28,156.28,58931921.0,0.0
c0a1ab14bee6299f5836622124372bfa,bittensor,2026-02-25,158.21,84211052.0,10.84398,0.01234962887125672,157.245,157.245,71571486.5,0.006136920092848739
1dc7c2efbb7199b4170f52c3ae36205b,bittensor,2026-02-28,167.7,101006112.0,-7.20839,0.0599835661462613,160.73,160.73,81383028.33333333,0.0433646487898961
fb8aece6339bd8ebdaede9d94d38fb14,bittensor,2026-03-02,187.71,120025233.0,6.87389,0.11932021466905188,167.475,167.475,91043579.5,0.12082400358262427
f0d3c1d51c59ee55f5645cbf658074fd,canton-network,2026-02-21,0.135636,4967885.0,-2.06211,0.0,0.135636,0.135636,4967885.0,0.0
ad60f2214c2547dd59bd7cd4835b1221,canton-network,2026-02-25,0.139921,8776483.0,2.89857,0.031591907753103894,0.1377785,0.1377785,6872184.0,0.015550321712023283
752e1735bb1d2f1a3fe4921dbade1587,canton-network,2026-02-28,0.162602,329886295.0,-4.42433,0.162098612788645,0.146053,0.146053,114543554.33333333,0.11330818264602575
d02e2ff669cf4ac8aac9e8cf7c1c2c56,canton-network,2026-03-02,0.159607,22735864.0,-1.77388,-0.018419207635822436,0.1494415,0.1494415,91591631.75,0.06802327332099851
ebe9a5d5c71727bd61e053578cebe43b,espresso,2026-02-21,0.069999,62402950.0,23.09357,0.0,0.069999,0.069999,62402950.0,0.0
b9f234291818d203805796dc16e3d1d1,espresso,2026-02-25,0.133893,100299219.0,-13.61446,0.9127844683495479,0.101946,0.101946,81351084.5,0.31337178506268026
45c1f54b0475b801def62ec6e1375c9b,espresso,2026-02-28,0.116048,19426995.0,-12.90898,-0.13327806532081587,0.10664666666666667,0.10664666666666667,60709721.333333336,0.08815402888041508
80c2b2b9948b749bac19b8bc650f057b,espresso,2026-03-02,0.126784,44022768.0,-7.89173,0.09251344271335998,0.111681,0.111681,56537983.0,0.1352333879531881
5adf286dcf318571217fa5991865cbf5,ethereum,2026-02-21,1688.56,10377163660.0,1.41266,0.0,1688.56,1688.56,10377163660.0,0.0
882bf9fb8a985f09bc04d386d99486ec,ethereum,2026-02-25,1756.83,21339753142.0,11.82464,0.04043089970152082,1722.695,1722.695,15858458401.0,0.01981488307564601
3f3eefe35883d24360232e00be4a10d2,ethereum,2026-02-28,1869.77,20455453115.0,-4.32567,0.06428624283510641,1771.72,1771.72,17390789972.333332,0.05534170184905064
4a12cdf1543d3ac7cc1095efd734786b,ethereum,2026-03-02,2042.5,26236544405.0,4.56049,0.09238034624579494,1839.415,1839.415,19602228580.5,0.11040738495663023
6d3d3eba0a9b1a6c478d5e14ff79423f,hyperliquid,2026-02-21,25.45,89609364.0,0.03111,0.0,25.45,25.45,89609364.0,0.0
1c92257d58191de37e5f437a780e1abd,hyperliquid,2026-02-25,24.11,252105163.0,4.48363,-0.052652259332023575,24.78,24.78,170857263.5,-0.027037933817594836
0b56e0d12ace222f8fdcec9734404e7b,hyperliquid,2026-02-28,27.47,253711550.0,-2.07893,0.1393612608875985,25.676666666666666,25.676666666666666,198475359.0,0.06984291834350254
afd8e6567b6f4ccec293cf7a685e084e,hyperliquid,2026-03-02,32.43,435684072.0,2.59834,0.18056061157626502,27.365,27.365,257777537.25,0.1850904439978074
78c7f5bf7a188fa129a71e7e128f59b7,morpho,2026-02-25,1.57,54528215.0,12.37921,0.0,1.57,1.57,54528215.0,0.0
b5afeb4dc822e0b0ae755ecedc69fc5d,morpho,2026-02-28,1.75,28990277.0,-2.23406,0.11464968152866242,1.66,1.66,41759246.0,0.05421686746987952
0415b616048961b3d0e5703f70c4742b,morpho,2026-03-02,1.91,38041621.0,11.41016,0.09142857142857143,1.7433333333333334,1.7433333333333334,40520037.666666664,0.09560229445506695
537a8a6eeb6a8f8abf4f593b35a3b218,near,2026-02-25,1.048,220757583.0,27.33788,0.0,1.048,1.048,220757583.0,0.0
a10ab02739cd2e6c9229cbbc02e0501a,near,2026-02-28,1.059,189588530.0,-4.52187,0.01049618320610687,1.0535,1.0535,205173056.5,0.005220692928334125
0c7f4caabd34bada4fef34fe9040faf5,near,2026-03-02,1.33,554911726.0,17.42666,0.2559017941454202,1.1456666666666666,1.1456666666666666,321752613.0,0.16089613034623218
371d9056ea73b8ff93c5eb5b8ac35077,optimism,2026-02-21,0.109137,114631345.0,0.20239,0.0,0.109137,0.109137,114631345.0,0.0
eb9abc51ca5211ae2d4b3b6a9195dcd2,optimism,2026-02-25,0.110224,92406714.0,11.36309,0.009959958584164857,0.1096805,0.1096805,103519029.5,0.004955301990782318
6c8114b8cb90660d7a747420a9c210a2,optimism,2026-02-28,0.110714,69595523.0,-9.92278,0.004445492814632022,0.110025,0.110025,92211194.0,0.006262213133378778
0224907eb5f02283973a7939e342b283,optimism,2026-03-02,0.126991,82294920.0,5.07013,0.14701844391856494,0.1142665,0.1142665,89732125.5,0.11135809708007159
a4efcc5187f0f5f2f612938c0759e657,pi-network,2026-02-21,0.147115,10091925.0,-1.486,0.0,0.147115,0.147115,10091925.0,0.0
4fe87b91743f673b6cc1cebb44f2667f,pi-network,2026-02-25,0.145071,15484270.0,5.12712,-0.013893892533052375,0.146093,0.146093,12788097.5,-0.006995543934343192
b35f006f404928d5f683b748014ad40f,pi-network,2026-02-28,0.164412,20129907.0,-2.9581,0.133320925615733,0.15219933333333333,0.15219933333333333,15235367.333333334,0.08024126255480751
139a54f6a423608c44f590840e0cb6aa,pi-network,2026-03-02,0.169467,13818310.0,1.15304,0.030745930953944966,0.15651625,0.15651625,14881103.0,0.08274380455703481
9e460a0531212b32f6e3cb9072a1e1bb,polkadot,2026-02-25,1.42,502217969.0,34.4738,0.0,1.42,1.42,502217969.0,0.0
c900a8e2361d0c438d135923f9ba37f0,polkadot,2026-02-28,1.49,309571876.0,-4.40479,0.04929577464788732,1.455,1.455,405894922.5,0.024054982817869417
b509c5bdc29aac429f69b85a84499521,polkadot,2026-03-02,1.53,265354304.0,0.68449,0.026845637583892617,1.48,1.48,359048049.6666667,0.033783783783783786
1486e454a6d029144bd13343c17ecc20,polygon-ecosystem-token,2026-02-25,0.099165,85658065.0,2.95183,0.0,0.099165,0.099165,85658065.0,0.0
4be92f1b879400676e5a5d7749bc5219,polygon-ecosystem-token,2026-02-28,0.102577,75282891.0,-7.35297,0.0344073009630414,0.100871,0.100871,80470478.0,0.016912690466040783
5ef9ff2d081ef8f07a61b295bdc8d6ec,polygon-ecosystem-token,2026-03-02,0.102466,97322698.0,-1.48549,-0.001082113924174035,0.10140266666666667,0.10140266666666667,86087884.66666667,0.010486246252564035
34cd896f737f38afe3f9126398959a86,power-protocol,2026-02-25,0.778036,32896064.0,37.58786,0.0,0.778036,0.778036,32896064.0,0.0
4b03a92cfa20ddc9d5389344929c5574,power-protocol,2026-02-28,1.81,24268738.0,25.6386,1.3263705021361478,1.294018,1.294018,28582401.0,0.3987440669295172
631c32335c5bcaad17643b64fc358bfb,power-protocol,2026-03-02,2.19,44678155.0,19.48609,0.20994475138121546,1.5926786666666668,1.5926786666666668,33947652.333333336,0.37504196284833347
a9d0e698e366650ef7cbef3c4df4fa58,pudgy-penguins,2026-02-21,0.00589093,40983136.0,1.361,0.0,0.00589093,0.00589093,40983136.0,0.0
1bf1cb3d9d996b938ff28e973d63c157,pudgy-penguins,2026-02-25,0.00634148,107001003.0,17.09335,0.07648198162259609,0.006116205,0.006116205,73992069.5,0.036832480271671734
57ff33faa052b4a96ffdeea035a646a4,pudgy-penguins,2026-02-28,0.00635523,90715768.0,-7.71754,0.002168263559926074,0.00619588,0.00619588,79566635.66666667,0.025718703396450545
e167121b461ef0c47c6fe092fe10971c,pudgy-penguins,2026-03-02,0.0072216,138640401.0,8.43669,0.1363239410690093,0.00645231,0.00645231,94335077.0,0.11922706751535496
d5e69abc2bf534c0ad99350a3780f7d9,punch-2,2026-02-21,0.0330741,22401201.0,45.24464,0.0,0.0330741,0.0330741,22401201.0,0.0
eb36fad3770bce1f260e1604292c946e,punch-2,2026-02-25,0.02091342,20699106.0,-13.51456,-0.36767984616361443,0.02699376,0.02699376,21550153.5,-0.22524983551754182
d9961f80b08aa26fd12b52bcdf74f3c0,punch-2,2026-02-28,0.01085938,21227198.0,-32.94607,-0.48074585601016,0.021615633333333332,0.021615633333333332,21442501.666666668,-0.49761453515896675
88dd27aaee3184dfa68c0e0929e174eb,punch-2,2026-03-02,0.01429584,8169666.0,29.41972,0.31645084710176824,0.019785685,0.019785685,18124292.75,-0.2774655009417162
7abb9d1153652922c7b59b83d2e9ef8e,ribbita-by-virtuals,2026-02-21,0.159361,9047841.0,26.76907,0.0,0.159361,0.159361,9047841.0,0.0
c1d0ca8a4fd8a1f315fc65e96ba448fa,ribbita-by-virtuals,2026-02-25,0.162685,8730913.0,13.10118,0.020858302846995188,0.161023,0.161023,8889377.0,0.010321506865478844
cbc03c19f722fb55505cfb877ce46f7b,ribbita-by-virtuals,2026-02-28,0.154268,8436761.0,-9.93093,-0.05173802132956327,0.15877133333333332,0.15877133333333332,8738505.0,-0.028363642471142987
f842eb9652ec4696f868d26d02aa2f1c,ribbita-by-virtuals,2026-03-02,0.169436,8408708.0,6.40154,0.09832239997925687,0.1614375,0.1614375,8656055.75,0.049545489740611695
6092e40804f7c0b72a72951dd14505ff,ripple,2026-02-21,1.23,1266602612.0,1.58097,0.0,1.23,1.23,1266602612.0,0.0
f8647455d1ea3a80dab15e7bb573c722,ripple,2026-02-25,1.24,3224843280.0,8.05985,0.008130081300813009,1.235,1.235,2245722946.0,0.004048582995951417
9d7561d0c0326d105aaf8d08cb6564a3,ripple,2026-02-28,1.3,3805299993.0,-5.60745,0.04838709677419355,1.2566666666666666,1.2566666666666666,2765581961.6666665,0.034482758620689655
0d0f3e56418be6346390e4382565661d,ripple,2026-03-02,1.4,3788145271.0,3.25935,0.07692307692307693,1.2925,1.2925,3021222789.0,0.08317214700193423
a8d1377c2d0790091da10b91048d9fde,solana,2026-02-21,73.33,1850581087.0,2.00026,0.0,73.33,73.33,1850581087.0,0.0
dd105ad9bfb053847281159706c9db6d,solana,2026-02-25,75.99,4737696372.0,14.25618,0.03627437610800491,74.66,74.66,3294138729.5,0.017814090543798553
26ed9d1c075e0ddf9325105f65cc574e,solana,2026-02-28,79.03,4653370228.0,-4.65089,0.040005263850506644,76.11666666666666,76.11666666666666,3747215895.6666665,0.03827457849791986
90170925236087bd638051a3ff22b764,solana,2026-03-02,87.61,6021644355.0,5.34242,0.10856636720232823,78.99,78.99,4315823010.5,0.10912773768831498
975be5a74705373d98553bea06760472,sui,2026-02-25,0.852407,693080558.0,16.43057,0.0,0.852407,0.852407,693080558.0,0.0
609ea6aa0c4e84a57f1abd78dcf350d6,sui,2026-02-28,0.837573,842868245.0,-8.02138,-0.017402484963169002,0.84499,0.84499,767974401.5,-0.008777618670043433
25b4c25c41f99441e9d2cdfdac709585,sui,2026-03-02,0.937262,1031636437.0,6.5024,0.11902126739997589,0.8757473333333333,0.8757473333333333,855861746.6666666,0.07024248242072866
197f8aea72cafcd34c7239f7aff3e6f3,virtual-protocol,2026-02-21,0.556045,38225420.0,0.46533,0.0,0.556045,0.556045,38225420.0,0.0
90c3cb105fd4a0f1609d7836d3b98b44,virtual-protocol,2026-02-25,0.600844,169243612.0,17.62725,0.08056722027893426,0.5784445,0.5784445,103734516.0,0.03872368049138682
3c411710a8e81b01b35212f60bd821f0,virtual-protocol,2026-02-28,0.635997,113159422.0,-7.93747,0.05850603484431899,0.5976286666666667,0.5976286666666667,106876151.33333333,0.06420095867779659
e407de33fc50c3dcc64c8634f0643182,virtual-protocol,2026-03-02,0.78182,142594363.0,13.30047,0.22928252806223928,0.6436765,0.6436765,115805704.25,0.2146163484296848
204240b7158d848b7d56aea78c3d5956,world-liberty-financial,2026-02-21,0.103131,165300851.0,4.73295,0.0,0.103131,0.103131,165300851.0,0.0
595b89845ffd4e35dab3893dd1c65556,world-liberty-financial,2026-02-25,0.099,84753811.0,6.42384,-0.0400558512959246,0.1010655,0.1010655,125027331.0,-0.020437241195066565
193107a474fc1741472b94759a3e1b13,world-liberty-financial,2026-02-28,0.107492,78265926.0,-6.10835,0.08577777777777777,0.10320766666666667,0.10320766666666667,109440196.0,0.04151177399611786
0c977ad7299b3440e4010a52378c6c34,world-liberty-financial,2026-03-02,0.108549,87858317.0,1.16713,0.009833289919249805,0.104543,0.104543,104044726.25,0.038319160536812606
